{"verification_and_notifications_email_verification":true,"verification_and_notifications_sms_verification":true,"verification_and_notifications_mail_notification":true,"verification_and_notifications_system_notification":false,"site_title":"INFIX EDU","file_supported":"pdf,txt","copyright_text":null,"language_id":null,"date_format":"1","currency_id":"2","time_zone":"(GMT-10:00) Hawaii","preloader":"Incidunt velit volu","invoice_prefix":null,"agent_commission_type":null,"sale_margin_price":null,"logo":"uploads\/settings\/6024fdbb277b1.png","favicon":"uploads\/settings\/6024fdbb2507f.png","currency":116,"currency_symbol":"gh\u20b5","currency_code":"ghs","language_code":"en","phone":"0187595662","email":"support@spondonit.com","vat_number":"24","address":"Panthapath","country_name":"BD","zip_code":"1200","company_info":null,"mail_protocol":"sendmail","mail_signature":null,"mail_header":null,"mail_footer":null,"sms_gateways_twillo":false,"sms_gateways_text_to_local":true,"company_name":"InfixEdu","pusher_app_id":"1159180","pusher_app_key":"f7ee8c40a4b3803e21db","pusher_app_secret":"5d3e0dd46823ad980cd3","pusher_app_cluster":"ap2","chatting_method":"pusher","chat_invitation_requirement":"none","chat_file_limit":"50","chat_can_upload_file":"yes","chat_staff_or_teacher_can_ban_student":"yes","chat_teacher_can_pin_top_message":"no","chat_can_make_group":"no","chat_can_teacher_chat_with_parents":"yes","chat_can_student_chat_with_admin_account":"yes","chat_everyone_to_everyone":null,"chat_admin_can_chat_without_invitation":"yes","chat_teacher_can_chat_with_parents":null,"chat_open":"yes","chat_generate":"false","chat_language_cache":"cached","chat_teacher_staff_can_make_group":"no"}